{
    "version": 5,
    "model_file": "xgboost_model_v5.pkl",
    "timestamp": "2025-07-01 01:48:29",
    "features": [
        "tick_volume_1m",
        "spread_1m",
        "real_volume_1m",
        "open_5m",
        "high_5m",
        "low_5m",
        "close_5m",
        "tick_volume_5m",
        "spread_5m",
        "real_volume_5m",
        "open_15m",
        "high_15m",
        "low_15m",
        "close_15m",
        "tick_volume_15m",
        "spread_15m",
        "real_volume_15m",
        "rsi_1m",
        "macd_1m",
        "macd_signal_1m",
        "macd_hist_1m",
        "ema_1m_20",
        "sma_1m_20",
        "atr_1m",
        "sma_20",
        "ema_20",
        "rsi_14",
        "macd",
        "bb_upper",
        "bb_lower",
        "atr"
    ],
    "label_distribution": {
        "class_0": 8009,
        "class_1": 7964
    },
    "accuracy": 0.5298,
    "auc": 0.5233,
    "confusion_matrix": [
        [
            413,
            1542
        ],
        [
            336,
            1703
        ]
    ],
    "classification_report": {
        "0": {
            "precision": 0.5514018691588785,
            "recall": 0.2112531969309463,
            "f1-score": 0.30547337278106507,
            "support": 1955.0
        },
        "1": {
            "precision": 0.5248073959938366,
            "recall": 0.8352133398724865,
            "f1-score": 0.6445874337623013,
            "support": 2039.0
        },
        "accuracy": 0.5297946920380571,
        "macro avg": {
            "precision": 0.5381046325763575,
            "recall": 0.5232332684017164,
            "f1-score": 0.4750304032716832,
            "support": 3994.0
        },
        "weighted avg": {
            "precision": 0.537824971115934,
            "recall": 0.5297946920380571,
            "f1-score": 0.4785964499820517,
            "support": 3994.0
        }
    },
    "eval_set": "20% test split",
    "timeframes": [
        "1m",
        "5m",
        "15m"
    ],
    "bar_count": 19967
}